Cities,Province,Total Number of Fis,Latitude,Longitude
MANILA,Manila,639.0,14.006666666666666,121.05
MANDALUYONG CITY,Mandaluyong,161.0,14.5794,121.0359
MARIKINA CITY,Marikina,89.0,14.6507,121.1029
PASIG CITY,Pasig,264.0,14.5764,121.0851
QUEZON CITY,Quezon,867.0,14.633333333333333,121.0
SAN JUAN CITY,San Juan,119.0,14.6,121.03
CALOOCAN CITY,Caloocan,131.0,13.13,123.73
MALABON CITY,Malabon,53.0,13.13,123.73
NAVOTAS CITY,Navotas,27.0,13.13,123.73
VALENZUELA CITY,Valenzuela,91.0,13.13,123.73
LAS PINAS CITY,Las Pinas,102.0,14.45,120.98
MAKATI CITY,Makati,536.0,13.13,123.73
MUNTINLUPA CITY,Muntinlupa,129.0,13.13,123.73
PARANAQUE CITY,Paranaque,203.0,13.13,123.73
PASAY CITY,Pasay,139.0,13.13,123.73
PATEROS,Pateros,15.0,14.5454,121.0687
TAGUIG CITY,Taguig,220.0,13.13,123.73
ADAMS,Ilocos Norte,0.0,14.07,122.97
BACCARA,Ilocos Norte,2.0,14.07,122.97
BADOC,Ilocos Norte,2.0,14.07,122.97
BANGUI,Ilocos Norte,4.0,14.07,122.97
BANNA (ESPIRITU),Ilocos Norte,0.0,17.98,120.65
BATAC CITY,Ilocos Norte,14.0,18.05,120.57
BURGOS,Ilocos Norte,1.0,14.07,122.97
CARASI,Ilocos Norte,0.0,14.07,122.97
CURRIMAO,Ilocos Norte,0.0,14.07,122.97
DINGRAS,Ilocos Norte,4.0,14.07,122.97
DUMALNEG,Ilocos Norte,0.0,14.07,122.97
LAOAG (CITY/CAPITAL),Ilocos Norte,34.0,18.18,120.58
MARCOS,Ilocos Norte,1.0,14.07,122.97
NUEVA ERA,Ilocos Norte,0.0,17.92,120.67
PAGUDPUD,Ilocos Norte,0.0,14.07,122.97
PAOAY,Ilocos Norte,1.0,14.07,122.97
PASUQUIN,Ilocos Norte,2.0,14.07,122.97
PIDDIG,Ilocos Norte,0.0,14.07,122.97
PINILI,Ilocos Norte,1.0,14.07,122.97
SAN NICOLAS,Ilocos Norte,13.0,14.12,122.87
SARRAT,Ilocos Norte,0.0,14.07,122.97
SOLSONA,Ilocos Norte,1.0,14.07,122.97
VINTAR,Ilocos Norte,0.0,14.07,122.97
ALILEM,Ilocos Sur,0.0,13.46,123.36
BANAYOYO,Ilocos Sur,0.0,13.46,123.36
BANTAY,Ilocos Sur,6.0,13.46,123.36
CABUGAO,Ilocos Sur,4.0,13.46,123.36
CANDON CITY,Ilocos Sur,21.0,13.42,123.42
CAOAYAN,Ilocos Sur,2.0,13.46,123.36
CERVANTES,Ilocos Sur,1.0,13.46,123.36
GALIMUYOD,Ilocos Sur,0.0,13.46,123.36
GREGORIO DEL PILAR - CONCEPCION,Ilocos Sur,0.0,13.92,122.6
LIDLIDDA,Ilocos Sur,0.0,13.46,123.36
MAGSINGAL,Ilocos Sur,2.0,13.46,123.36
NAGBUKEL,Ilocos Sur,0.0,13.46,123.36
NARVACAN,Ilocos Sur,9.0,13.46,123.36
QUIRINO (ANGAKI),Ilocos Sur,0.0,17.15,120.67
SALCEDO (BAUGEN),Ilocos Sur,0.0,17.15,120.53
SAN EMILIO,Ilocos Sur,0.0,13.57,123.15
SAN ESTEBAN,Ilocos Sur,1.0,13.57,123.15
SAN ILDEFONSO,Ilocos Sur,1.0,13.57,123.15
SAN JUAN (LAPOG),Ilocos Sur,4.0,13.57,123.15
SAN VICENTE,Ilocos Sur,1.0,13.57,123.15
SANTA,Ilocos Sur,1.0,13.46,123.36
SANTA CATALINA,Ilocos Sur,1.0,17.49,120.44
SANTA CRUZ,Ilocos Sur,3.0,17.49,120.44
SANTA LUCIA,Ilocos Sur,2.0,17.49,120.44
SANTA MARIA,Ilocos Sur,4.0,17.49,120.44
SANTIAGO,Ilocos Sur,1.0,13.46,123.36
SANTO DOMINGO,Ilocos Sur,2.0,17.63,120.42
SIGAY,Ilocos Sur,0.0,13.46,123.36
SINAIT,Ilocos Sur,4.0,13.46,123.36
SUGPON,Ilocos Sur,0.0,13.46,123.36
SUYO,Ilocos Sur,0.0,13.46,123.36
TAGUDIN,Ilocos Sur,7.0,13.46,123.36
VIGAN (CITY/CAPITAL),Ilocos Sur,33.0,17.57,120.38
AGOO,La Union,15.0,16.33,120.37
ARINGAY,La Union,4.0,16.33,120.37
BACNOTAN,La Union,6.0,16.33,120.37
BAGULIN,La Union,0.0,16.33,120.37
BALAOAN,La Union,4.0,16.33,120.37
BANGAR,La Union,2.0,16.33,120.37
BAUANG,La Union,8.0,16.33,120.37
CABA,La Union,3.0,16.33,120.37
LUNA,La Union,2.0,16.33,120.37
NAGUILIAN,La Union,4.0,16.33,120.37
PUGO,La Union,2.0,16.33,120.37
ROSARIO,La Union,10.0,16.33,120.37
SAN FERNANDO (CITY/CAPITAL),La Union,47.0,16.62,120.32
SAN GABRIEL,La Union,2.0,16.62,120.32
SAN JUAN,La Union,3.0,16.62,120.32
SANTO TOMAS,La Union,2.0,16.26,120.39
SANTOL,La Union,0.0,16.33,120.37
SUDIPEN,La Union,1.0,16.33,120.37
TUBAO,La Union,2.0,16.33,120.37
AGNO,Pangasinan,2.0,17.6,120.62
AGUILAR,Pangasinan,4.0,17.6,120.62
ALAMINOS CITY,Pangasinan,22.0,13.13,123.73
ALCALA,Pangasinan,3.0,17.6,120.62
ANDA,Pangasinan,3.0,17.6,120.62
ASINGAN,Pangasinan,3.0,17.6,120.62
BALUNGAO,Pangasinan,1.0,17.6,120.62
BANI,Pangasinan,2.0,17.6,120.62
BASISTA,Pangasinan,0.0,17.6,120.62
BAUTISTA,Pangasinan,1.0,17.6,120.62
BAYAMBANG,Pangasinan,13.0,17.6,120.62
BINALONAN,Pangasinan,7.0,17.6,120.62
BINMALEY,Pangasinan,10.0,17.6,120.62
BOLINAO,Pangasinan,8.0,17.6,120.62
BUGALLON,Pangasinan,3.0,17.6,120.62
CALASIAO,Pangasinan,10.0,17.6,120.62
DAGUPAN CITY,Pangasinan,60.0,13.13,123.73
DASOL,Pangasinan,1.0,17.6,120.62
INFANTA,Pangasinan,2.0,17.6,120.62
LABRADOR,Pangasinan,1.0,17.6,120.62
LAOAC,Pangasinan,0.0,17.6,120.62
LINGAYEN (CAPITAL),Pangasinan,19.0,16.02,120.23
MABINI,Pangasinan,1.0,17.6,120.62
MALASIQUI,Pangasinan,12.0,17.6,120.62
MANAOAG,Pangasinan,7.0,17.6,120.62
MANGALDAN,Pangasinan,19.0,17.6,120.62
MANGATAREM,Pangasinan,11.0,17.6,120.62
MAPANDAN,Pangasinan,1.0,17.6,120.62
NATIVIDAD,Pangasinan,0.0,17.6,120.62
POZORRUBIO,Pangasinan,8.0,17.6,120.62
ROSALES,Pangasinan,16.0,17.6,120.62
SAN CARLOS (CITY),Pangasinan,17.0,17.47,120.6
SAN FABIAN,Pangasinan,5.0,17.47,120.6
SAN JACINTO,Pangasinan,4.0,17.47,120.6
SAN MANUEL,Pangasinan,2.0,17.47,120.6
SAN QUINTIN,Pangasinan,1.0,17.47,120.6
SANTA BARBARA,Pangasinan,3.0,18.28,121.43
SISON,Pangasinan,3.0,17.6,120.62
SUAL,Pangasinan,3.0,17.6,120.62
TAYUG,Pangasinan,11.0,17.6,120.62
UMINGAN,Pangasinan,6.0,17.6,120.62
URBIZTONDO,Pangasinan,3.0,17.6,120.62
URDANETA CITY,Pangasinan,42.0,13.13,123.73
VILLASIS,Pangasinan,4.0,17.6,120.62
BASCO (CAPITAL),Batanes,2.0,20.45,121.97
ITBAYAT,Batanes,0.0,17.6,120.62
IVANA,Batanes,0.0,17.6,120.62
MAHATAO,Batanes,0.0,17.6,120.62
SABTANG,Batanes,0.0,17.6,120.62
UYUGAN,Batanes,0.0,17.6,120.62
ABULUG,Cagayan,4.0,17.6,120.62
ALLACAPAN,Cagayan,1.0,17.6,120.62
AMULUNG,Cagayan,1.0,17.6,120.62
APARRI,Cagayan,15.0,18.366666666666667,121.63333333333334
BAGGAO,Cagayan,5.0,17.6,120.62
BALLESTEROS,Cagayan,1.0,17.6,120.62
BUGUEY,Cagayan,0.0,17.6,120.62
CALAYAN,Cagayan,1.0,17.6,120.62
CAMALANIUGAN,Cagayan,5.0,17.6,120.62
CLAVERIA,Cagayan,2.0,18.616666666666667,121.06666666666666
ENRILE,Cagayan,1.0,17.6,120.62
GATTARAN,Cagayan,5.0,17.6,120.62
GONZAGA,Cagayan,5.0,17.6,120.62
IGUIG,Cagayan,2.0,17.6,120.62
LAL-LO,Cagayan,4.0,17.6,120.62
LASAM,Cagayan,3.0,17.6,120.62
PAMPLONA,Cagayan,2.0,17.6,120.62
PENABLANCA,Cagayan,1.0,17.6,120.62
PIAT,Cagayan,2.0,17.6,120.62
RIZAL,Cagayan,0.0,17.6,120.62
SANCHEZ-MIRA,Cagayan,5.0,17.6,120.62
SANTA ANA,Cagayan,4.0,18.28,121.43
SANTA PRAXEDES (LANGANGAN),Cagayan,0.0,18.28,121.43
SANTA TERESITA,Cagayan,1.0,18.28,121.43
SANTO NINO (FAIRE),Cagayan,0.0,13.24,123.78
SOLANA,Cagayan,5.0,17.6,120.62
TUAO,Cagayan,3.0,17.6,120.62
TUGUEGARAO (CITY/CAPITAL),Cagayan,54.0,17.62,121.72
ALICIA,Isabela,13.0,17.6,120.62
ANGADANAN,Isabela,0.0,17.6,120.62
AURORA,Isabela,6.0,17.6,120.62
BENITO SOLIVEN,Isabela,3.0,16.98,121.95
CABAGAN,Isabela,6.0,17.6,120.62
CABATUAN,Isabela,6.0,17.6,120.62
CAUAYAN CITY,Isabela,36.0,13.13,123.73
CORDON,Isabela,8.0,17.6,120.62
DELFIN ALBANO (MAGSAYSAY),Isabela,1.0,17.32,121.78
DINAPIGUE,Isabela,0.0,17.6,120.62
DIVILICAN,Isabela,0.0,17.6,120.62
ECHAGUE,Isabela,9.0,17.6,120.62
GAMU,Isabela,3.0,17.6,120.62
ILAGAN CITY (CAPITAL),Isabela,20.0,13.13,123.73
JONES,Isabela,2.0,17.6,120.62
LUNA (ANTATET),Isabela,2.0,18.33,121.35
MACONANAN,Isabela,0.0,17.6,120.62
MALLIG,Isabela,3.0,17.6,120.62
PALANAN,Isabela,0.0,17.6,120.62
QUEZON,Isabela,3.0,17.6,120.62
QUIRINO,Isabela,1.0,17.6,120.62
RAMON,Isabela,8.0,17.6,120.62
REINA MERCEDES,Isabela,1.0,16.98,121.78
ROXAS,Isabela,20.0,11.6,122.81666666666666
SAN AGUSTIN,Isabela,0.0,17.47,120.6
SAN GUILLERMO,Isabela,0.0,17.47,120.6
SAN ISIDRO,Isabela,1.0,17.47,120.6
SAN MANUEL (CALLANG),Isabela,5.0,17.47,120.6
SAN MARIANO,Isabela,2.0,17.47,120.6
SAN MATEO,Isabela,12.0,17.47,120.6
SAN PABLO,Isabela,3.0,17.47,120.6
SANTIAGO CITY,Isabela,39.0,13.13,123.73
TUMAUINI,Isabela,10.0,17.6,120.62
ALFONSO CASTANEDA,Nueva Vizcaya,0.0,15.8,121.3
AMBAGUIO,Nueva Vizcaya,0.0,15.5,120.84
ARITAO,Nueva Vizcaya,8.0,15.5,120.84
BAGABAG,Nueva Vizcaya,6.0,15.5,120.84
BAMBANG,Nueva Vizcaya,17.0,15.5,120.84
BAYOMBONG (CAPITAL),Nueva Vizcaya,7.0,16.48,121.15
DIADI,Nueva Vizcaya,4.0,15.5,120.84
DUPAX DEL NORTE,Nueva Vizcaya,3.0,16.29,121.09
DUPAX DEL SUR,Nueva Vizcaya,1.0,16.29,121.09
KASIBU,Nueva Vizcaya,1.0,15.5,120.84
KAYAPA,Nueva Vizcaya,1.0,15.5,120.84
SANTA FE,Nueva Vizcaya,1.0,15.42,120.94
SOLANO,Nueva Vizcaya,32.0,15.5,120.84
VILLAVERDE (IBUNG),Nueva Vizcaya,4.0,16.58,121.2
AGLIPAY,Quirino,2.0,17.6,120.62
CABARROQUIS (CAPITAL),Quirino,10.0,16.58,121.5
DIFFUN,Quirino,6.0,17.6,120.62
MADDELA,Quirino,9.0,17.6,120.62
NAGTIPUNAN,Quirino,2.0,17.6,120.62
SAGUDAY,Quirino,1.0,17.6,120.62
BALER,Aurora,14.0,15.766666666666667,121.56666666666666
CASIGURAN,Aurora,3.0,16.366666666666667,122.11666666666666
DILASAG,Aurora,1.0,17.6,120.62
DINALONGAN,Aurora,0.0,17.6,120.62
DINGALAN,Aurora,2.0,17.6,120.62
DIPACULAO,Aurora,1.0,17.6,120.62
MARIA AURORA,Aurora,4.0,15.78,121.47
SAN LUIS,Aurora,1.0,17.47,120.6
ABUCAY,Bataan,3.0,17.6,120.62
BAGAC,Bataan,2.0,17.6,120.62
BALANGA (CITY/CAPITAL),Bataan,42.0,14.67,120.54
DINALUPIHAN,Bataan,16.0,17.6,120.62
HERMOSA,Bataan,3.0,17.6,120.62
LIMAY,Bataan,9.0,17.6,120.62
MARIVELES,Bataan,13.0,17.6,120.62
MORONG,Bataan,2.0,17.6,120.62
ORANI,Bataan,11.0,17.6,120.62
ORION,Bataan,5.0,17.6,120.62
PILAR,Bataan,2.0,17.6,120.62
SAMAL,Bataan,2.0,17.6,120.62
ANGAT,Bulacan,3.0,17.6,120.62
BALAGTAS (BIGAA),Bulacan,16.0,14.82,120.87
BALIUAG,Bulacan,42.0,17.6,120.62
BOCAUE,Bulacan,14.0,17.6,120.62
BULACAN,Bulacan,2.0,17.6,120.62
BUSTOS,Bulacan,6.0,17.6,120.62
CALUMPIT,Bulacan,3.0,17.6,120.62
DONA REMEDIOS TRINIDAD,Bulacan,1.0,15.0,121.08
GUIGUINTO,Bulacan,16.0,17.6,120.62
HAGONOY,Bulacan,6.0,17.6,120.62
MALOLOS (CITY/CAPITAL),Bulacan,44.0,14.84,120.81
MARILAO,Bulacan,14.0,17.6,120.62
MEYCAUAYAN CITY,Bulacan,39.0,13.13,123.73
NORZAGARAY,Bulacan,8.0,17.6,120.62
OBANDO,Bulacan,4.0,17.6,120.62
PANDI,Bulacan,5.0,17.6,120.62
PAOMBONG,Bulacan,3.0,17.6,120.62
PLARIDEL,Bulacan,18.0,17.6,120.62
PULILAN,Bulacan,12.0,17.6,120.62
SAN JOSE DEL MONTE CITY,Bulacan,35.0,17.47,120.6
SAN MIGUEL,Bulacan,13.0,17.47,120.6
SAN RAFAEL,Bulacan,7.0,17.47,120.6
ALIAGA,Nueva Ecija,5.0,15.5,120.84
BONGABON,Nueva Ecija,7.0,15.5,120.84
CABANATUAN (CITY),Nueva Ecija,69.0,15.48,120.97
CABIAO,Nueva Ecija,7.0,15.5,120.84
CARRANGLAN,Nueva Ecija,1.0,15.5,120.84
CUYAPO,Nueva Ecija,5.0,15.5,120.84
GABALDON (BITULOK & SABANI),Nueva Ecija,1.0,15.53,121.32
GAPAN CITY,Nueva Ecija,25.0,15.48,120.97
GEN TINIO (PAPAYA),Nueva Ecija,4.0,15.35,121.05
GEN. MAMERTO NATIVIDAD,Nueva Ecija,2.0,15.6,121.05
GUIMBA,Nueva Ecija,13.0,15.5,120.84
JAEN,Nueva Ecija,5.0,15.5,120.84
LAUR,Nueva Ecija,2.0,15.5,120.84
LICAB,Nueva Ecija,1.0,15.5,120.84
LLANERA,Nueva Ecija,2.0,15.5,120.84
LUPAO,Nueva Ecija,3.0,15.5,120.84
NAMPICUAN,Nueva Ecija,1.0,15.5,120.84
PALAYAN (CITY/CAPITAL),Nueva Ecija,4.0,15.53,121.08
PANTABANGAN,Nueva Ecija,2.0,15.5,120.84
PENARANDA,Nueva Ecija,2.0,15.5,120.84
SAN ANTONIO,Nueva Ecija,4.0,15.78,121.0
SAN JOSE CITY,Nueva Ecija,25.0,15.78,121.0
SAN LEONARDO,Nueva Ecija,5.0,15.78,121.0
SANTA ROSA,Nueva Ecija,8.0,15.42,120.94
SCIENCE CITY OF MUNOZ(N.E.),Nueva Ecija,10.0,15.48,120.97
TALAVERA,Nueva Ecija,11.0,15.5,120.84
TALUGTOG,Nueva Ecija,3.0,15.5,120.84
ZARAGOZA,Nueva Ecija,6.0,15.5,120.84
ANGELES (CITY),Pampanga,106.0,15.15,120.58
APALIT,Pampanga,16.0,17.6,120.62
ARAYAT,Pampanga,8.0,17.6,120.62
BACOLOR,Pampanga,2.0,17.6,120.62
CANDABA,Pampanga,2.0,17.6,120.62
FLORIDABLANCA,Pampanga,11.0,17.6,120.62
GUAGUA,Pampanga,22.0,17.6,120.62
LUBAO,Pampanga,13.0,17.6,120.62
MABALACAT CITY,Pampanga,32.0,13.13,123.73
MACABEBE,Pampanga,4.0,17.6,120.62
MAGALANG,Pampanga,9.0,17.6,120.62
MASANTOL,Pampanga,1.0,17.6,120.62
MEXICO,Pampanga,7.0,17.6,120.62
MINALIN,Pampanga,2.0,17.6,120.62
PORAC,Pampanga,7.0,17.6,120.62
SAN SIMON,Pampanga,5.0,17.47,120.6
SANTA RITA,Pampanga,3.0,18.28,121.43
SASMUAN,Pampanga,1.0,17.6,120.62
ANAO,Tarlac,1.0,17.6,120.62
BAMBAN,Tarlac,2.0,17.6,120.62
CAMILING,Tarlac,14.0,17.6,120.62
CAPAS,Tarlac,14.0,17.6,120.62
CONCEPCION,Tarlac,15.0,17.6,120.62
GERONA,Tarlac,8.0,17.6,120.62
LA PAZ,Tarlac,5.0,17.71,120.69
MAYANTOC,Tarlac,1.0,17.6,120.62
MONCADA,Tarlac,6.0,17.6,120.62
PANIQUI,Tarlac,17.0,17.6,120.62
PURA,Tarlac,1.0,17.6,120.62
RAMOS,Tarlac,1.0,17.6,120.62
SAN CLEMENTE,Tarlac,2.0,17.47,120.6
SAN JOSE,Tarlac,1.0,17.47,120.6
SANTA IGNACIA,Tarlac,4.0,18.28,121.43
TARLAC (CITY/CAPITAL),Tarlac,62.0,15.47,120.58
VICTORIA,Tarlac,6.0,17.6,120.62
BOTOLAN,Zambales,3.0,17.6,120.62
CABANGAN,Zambales,2.0,17.6,120.62
CANDELARIA,Zambales,1.0,17.6,120.62
CASTILLEJOS,Zambales,5.0,17.6,120.62
IBA (CAPITAL),Zambales,16.0,16.58,121.5
MASINLOC,Zambales,3.0,17.6,120.62
OLONGAPO (CITY),Zambales,49.0,14.83,120.28
PALAUIG,Zambales,2.0,17.6,120.62
SAN FELIPE,Zambales,1.0,17.47,120.6
SAN MARCELINO,Zambales,4.0,17.47,120.6
SAN NARCISO,Zambales,3.0,17.47,120.6
SUBIC,Zambales,13.0,17.6,120.62
AGONCILLO,Batangas,4.0,17.6,120.62
ALITAGTAG,Batangas,3.0,17.6,120.62
BALAYAN,Batangas,21.0,17.6,120.62
BALETE,Batangas,2.0,17.6,120.62
BATANGAS (CITY/CAPITAL),Batangas,68.0,13.75,121.05
BAUAN,Batangas,21.0,17.6,120.62
CALACA,Batangas,7.0,17.6,120.62
CALATAGAN,Batangas,5.0,17.6,120.62
CUENCA,Batangas,6.0,17.6,120.62
IBAAN,Batangas,6.0,17.6,120.62
LAUREL,Batangas,4.0,17.6,120.62
LEMERY,Batangas,30.0,17.6,120.62
LIAN,Batangas,2.0,17.6,120.62
LIPA (CITY),Batangas,87.0,13.94,121.16
LOBO,Batangas,5.0,17.6,120.62
MALVAR,Batangas,9.0,17.6,120.62
MATAASNAKAHOY,Batangas,3.0,17.6,120.62
NASUGBU,Batangas,20.0,17.6,120.62
PADRE GARCIA,Batangas,7.0,13.88,121.22
SAN PASCUAL,Batangas,5.0,17.47,120.6
SANTO TOMAS CITY,Batangas,27.0,13.24,123.78
TAAL,Batangas,3.0,17.6,120.62
TALISAY,Batangas,6.0,17.6,120.62
TANAUAN CITY,Batangas,32.0,13.13,123.73
TAYSAN,Batangas,2.0,17.6,120.62
TINGLOY,Batangas,1.0,17.6,120.62
TUY,Batangas,2.0,17.6,120.62
ALFONSO,Cavite,8.0,17.6,120.62
AMADEO,Cavite,2.0,17.6,120.62
BACOOR CITY,Cavite,64.0,13.13,123.73
CARMONA,Cavite,17.0,17.6,120.62
CAVITE (CITY),Cavite,14.0,14.48,120.9
CITY OF GENERAL TRIAS,Cavite,33.0,13.13,123.73
DASMARINAS CITY,Cavite,70.0,13.13,123.73
GEN. EMILIO AGUINALDO (BAILEN),Cavite,1.0,14.18,120.8
GENERAL MARIANO ALVAREZ,Cavite,16.0,14.3,121.0
IMUS CITY,Cavite,50.0,13.13,123.73
INDANG,Cavite,5.0,17.6,120.62
KAWIT,Cavite,16.0,17.6,120.62
MAGALLANES,Cavite,1.0,17.6,120.62
MARAGONDON,Cavite,3.0,17.6,120.62
MENDEZ-NUNEZ,Cavite,3.0,17.6,120.62
NAIC,Cavite,15.0,17.6,120.62
NOVELETA,Cavite,5.0,17.6,120.62
SILANG,Cavite,25.0,17.6,120.62
TAGAYTAY (CITY),Cavite,28.0,14.1,120.93
TANZA,Cavite,18.0,17.6,120.62
TERNATE,Cavite,1.0,17.6,120.62
TRECE MARTIRES (CITY/CAPITAL),Cavite,18.0,14.28,120.85
ALAMINOS,Laguna,6.0,17.6,120.62
BAY,Laguna,5.0,17.6,120.62
BINAN CITY,Laguna,47.0,13.13,123.73
CABUYAO CITY,Laguna,26.0,13.13,123.73
CALAMBA CITY,Laguna,94.0,13.13,123.73
CALAUAN,Laguna,7.0,17.6,120.62
CAVINTI,Laguna,3.0,17.6,120.62
CITY OF SAN PEDRO,Laguna,39.0,13.13,123.73
FAMY,Laguna,4.0,17.6,120.62
KALAYAAN (LONGOS),Laguna,2.0,14.35,121.57
LILIW (LILIO),Laguna,4.0,14.13,121.43
LOS BANOS,Laguna,20.0,14.17,121.22
LUISIANA,Laguna,3.0,17.6,120.62
LUMBAN,Laguna,2.0,17.6,120.62
MABITAC,Laguna,1.0,17.6,120.62
MAGDALENA,Laguna,2.0,17.6,120.62
MAJAYJAY,Laguna,2.0,17.6,120.62
NAGCARLAN,Laguna,12.0,17.6,120.62
PAETE,Laguna,5.0,17.6,120.62
PAGSANJAN,Laguna,6.0,17.6,120.62
PAKIL,Laguna,3.0,17.6,120.62
PANGIL,Laguna,1.0,17.6,120.62
PILA,Laguna,4.0,17.6,120.62
SAN PABLO (CITY),Laguna,51.0,17.47,120.6
SANTA ROSA CITY,Laguna,76.0,18.28,121.43
SINILOAN,Laguna,11.0,17.6,120.62
AGDANGAN,Quezon,2.0,17.6,120.62
ALABAT,Quezon,3.0,17.6,120.62
ATIMONAN,Quezon,8.0,17.6,120.62
BUENAVISTA,Quezon,3.0,17.6,120.62
BURDEOS,Quezon,0.0,17.6,120.62
CALAUAG,Quezon,8.0,13.916666666666666,122.25
CATANAUAN,Quezon,11.0,17.6,120.62
DOLORES,Quezon,2.0,17.6,120.62
GENERAL LUNA,Quezon,4.0,18.33,121.35
GENERAL NAKAR,Quezon,2.0,14.3,121.0
GUINAYANGAN,Quezon,3.0,17.6,120.62
GUMACA,Quezon,17.0,17.6,120.62
JUMALIG,Quezon,0.0,17.6,120.62
LOPEZ,Quezon,10.0,17.6,120.62
LUCBAN,Quezon,12.0,17.6,120.62
LUCENA (CITY/CAPITAL),Quezon,76.0,10.88,122.6
MACALELON,Quezon,1.0,17.6,120.62
MAUBAN,Quezon,5.0,17.6,120.62
MULANAY,Quezon,6.0,17.6,120.62
PADRE BURGOS,Quezon,1.0,13.88,121.22
PAGBILAO,Quezon,8.0,17.6,120.62
PANUKULAN,Quezon,0.0,17.6,120.62
PATNANUNGAN,Quezon,0.0,17.6,120.62
PEREZ,Quezon,2.0,17.6,120.62
PITOGO,Quezon,2.0,17.6,120.62
POLILLO,Quezon,0.0,17.6,120.62
REAL,Quezon,7.0,17.6,120.62
SAMPALOC,Quezon,1.0,17.6,120.62
SAN ANDRES,Quezon,2.0,17.47,120.6
SAN FRANCISCO (AURORA),Quezon,2.0,17.47,120.6
SARIAYA,Quezon,12.0,17.6,120.62
TAGKAWAYAN,Quezon,5.0,17.6,120.62
TAYABAS CITY,Quezon,10.0,13.13,123.73
TIAONG,Quezon,9.0,17.6,120.62
UNISAN,Quezon,2.0,17.6,120.62
ANGONO,Rizal,17.0,17.6,120.62
ANTIPOLO CITY,Rizal,72.0,13.13,123.73
BARAS,Rizal,1.0,17.6,120.62
BINANGONAN,Rizal,18.0,17.6,120.62
CAINTA,Rizal,57.0,17.6,120.62
CARDONA,Rizal,1.0,17.6,120.62
JALA-JALA,Rizal,3.0,17.6,120.62
PILILLA,Rizal,4.0,17.6,120.62
RODRIGUEZ (MONTALBAN),Rizal,17.0,14.72,121.12
TANAY,Rizal,20.0,17.6,120.62
TAYTAY,Rizal,47.0,17.6,120.62
TERESA,Rizal,5.0,17.6,120.62
BOAC (CAPITAL),Marinduque,12.0,13.45,121.83
GASAN,Marinduque,1.0,17.6,120.62
MOGPOG,Marinduque,1.0,17.6,120.62
STA CRUZ,Marinduque,5.0,14.28,121.42
TORRIJOS,Marinduque,2.0,17.6,120.62
ABRA DE ILOG,Occidental Mindoro,1.0,13.45,120.73
CALINTAAN,Occidental Mindoro,2.0,8.42,123.82
LOOC,Occidental Mindoro,0.0,8.42,123.82
LUBANG,Occidental Mindoro,0.0,8.42,123.82
MAGSAYSAY,Occidental Mindoro,3.0,8.42,123.82
MAMBURAO (CAPITAL),Occidental Mindoro,9.0,13.22,120.6
PALUAN,Occidental Mindoro,1.0,8.42,123.82
SABLAYAN,Occidental Mindoro,11.0,29.883333333333333,-93.85
BACO,Oriental Mindoro,4.0,7.57,126.57
BANSUD,Oriental Mindoro,5.0,7.57,126.57
BONGABONG,Oriental Mindoro,12.0,7.57,126.57
BULALAKAO (SAN PEDRO),Oriental Mindoro,2.0,12.33,121.35
CALAPAN (CITY/CAPITAL),Oriental Mindoro,42.0,13.4,121.18
GLORIA,Oriental Mindoro,8.0,7.57,126.57
MANSALAY,Oriental Mindoro,4.0,7.57,126.57
NAUJAN,Oriental Mindoro,11.0,7.57,126.57
PINAMALAYAN,Oriental Mindoro,16.0,7.57,126.57
POLA,Oriental Mindoro,6.0,7.57,126.57
PUERTO GALERA,Oriental Mindoro,5.0,13.5,120.95
SAN TEODORO,Oriental Mindoro,2.0,6.83,126.08
SOCORRO,Oriental Mindoro,5.0,7.57,126.57
ABORLAN,Palawan,2.0,17.6,120.62
AGUTAYA,Palawan,0.0,17.6,120.62
ARACELI (DUMARAN),Palawan,0.0,10.33,119.6
BALABAC,Palawan,0.0,17.6,120.62
BATARASA,Palawan,2.0,17.6,120.62
BROOKE'S POINT,Palawan,6.0,8.82,117.78
BUSUANGA,Palawan,1.0,17.6,120.62
CAGAYANCILLO,Palawan,0.0,17.6,120.62
CORON,Palawan,7.0,17.6,120.62
CULION,Palawan,0.0,11.9,119.96666666666667
CUYO,Palawan,1.0,10.833333333333334,121.08333333333333
DUMARAN,Palawan,0.0,10.55,119.83333333333333
EL NIDO,Palawan,5.0,11.33,119.68
KALAYAAN,Palawan,0.0,17.6,120.62
LINACAPAN,Palawan,0.0,17.6,120.62
NARRA,Palawan,6.0,17.6,120.62
PUERTO PRINCESA CITY,Palawan,48.0,9.75,118.75
SOFRONIO ESPANOLA,Palawan,2.0,9.05,118.03
ALCANTARA,Romblon,0.0,17.6,120.62
BANTON (JONES),Romblon,0.0,12.95,122.08
CAJIDIOCAN,Romblon,1.0,17.6,120.62
CALATRAVA,Romblon,0.0,17.6,120.62
CORCUERA,Romblon,0.0,17.6,120.62
FERROL,Romblon,0.0,17.6,120.62
MAGDIWANG,Romblon,0.0,17.6,120.62
ODIONGAN,Romblon,9.0,17.6,120.62
ROMBLON (CAPITAL),Romblon,5.0,16.58,121.5
SAN AGUSTIN (BADAJOS),Romblon,1.0,17.47,120.6
SAN ANDRES (DESPUJOLS),Romblon,0.0,17.47,120.6
SAN FERNANDO,Romblon,0.0,17.47,120.6
SAN JOSE (CARABAO ISLAND),Romblon,1.0,17.47,120.6
SANTA MARIA (IMELDA),Romblon,0.0,18.28,121.43
BACACAY,Albay,5.0,17.6,120.62
CAMALIG,Albay,4.0,17.6,120.62
DARAGA,Albay,16.0,17.6,120.62
GUINOBATAN,Albay,7.0,17.6,120.62
JOVELLAR,Albay,1.0,17.6,120.62
LEGAZPI (CITY/CAPITAL),Albay,53.0,13.13,123.73
LIBON,Albay,2.0,17.6,120.62
LIGAO CITY,Albay,8.0,13.13,123.73
MALILIPOT,Albay,2.0,17.6,120.62
MALINAO,Albay,2.0,17.6,120.62
MANITO,Albay,3.0,17.6,120.62
OAS,Albay,2.0,17.6,120.62
PIO DURAN,Albay,2.0,13.03,123.45
POLANGGI,Albay,12.0,17.6,120.62
RAPU-RAPU,Albay,0.0,17.6,120.62
SANTO DOMINGO (LIBOG),Albay,2.0,13.24,123.78
TABACO CITY,Albay,19.0,13.13,123.73
TIWI,Albay,2.0,17.6,120.62
BASUD,Camarines Norte,2.0,14.07,122.97
CAPALONGA,Camarines Norte,2.0,14.07,122.97
DAET (CAPITAL),Camarines Norte,29.0,14.12,122.95
JOSE PANGANIBAN,Camarines Norte,6.0,14.3,122.7
LABO,Camarines Norte,10.0,14.07,122.97
MERCEDES,Camarines Norte,1.0,14.07,122.97
PARACALE,Camarines Norte,4.0,14.07,122.97
SAN LORENZO RUIZ (IMELDA),Camarines Norte,0.0,14.12,122.87
SANTA ELENA,Camarines Norte,4.0,14.2,122.38
VINZONS,Camarines Norte,1.0,14.07,122.97
BAAO,Camarines Sur,4.0,14.07,122.97
BALATAN,Camarines Sur,2.0,14.07,122.97
BATO,Camarines Sur,4.0,14.07,122.97
BOMBON,Camarines Sur,0.0,14.07,122.97
BUHI,Camarines Sur,5.0,14.07,122.97
BULA,Camarines Sur,4.0,14.07,122.97
CABUSAO,Camarines Sur,1.0,14.07,122.97
CALABANGA,Camarines Sur,8.0,14.07,122.97
CAMALIGAN,Camarines Sur,2.0,14.07,122.97
CANAMAN,Camarines Sur,0.0,14.07,122.97
CARAMOAN,Camarines Sur,2.0,14.07,122.97
DEL GALLEGO,Camarines Sur,2.0,13.92,122.6
GAINZA,Camarines Sur,0.0,14.07,122.97
GARCHITORENA,Camarines Sur,1.0,14.07,122.97
GOA,Camarines Sur,11.0,14.07,122.97
IRIGA (CITY),Camarines Sur,25.0,13.42,123.42
LAGONOY,Camarines Sur,3.0,14.07,122.97
LIBMANAN,Camarines Sur,6.0,14.07,122.97
LUPI,Camarines Sur,2.0,14.07,122.97
MAGARAO,Camarines Sur,2.0,14.07,122.97
MILAOR,Camarines Sur,4.0,14.07,122.97
MINALABAC,Camarines Sur,1.0,14.07,122.97
NABUA,Camarines Sur,4.0,14.07,122.97
NAGA (CITY),Camarines Sur,73.0,13.62,123.17
OCAMPO,Camarines Sur,4.0,14.07,122.97
PASACAO,Camarines Sur,3.0,14.07,122.97
PILI (CAPITAL),Camarines Sur,13.0,13.58,123.3
PRESENTACION (PARUBCAN),Camarines Sur,1.0,13.72,123.75
RAGAY,Camarines Sur,4.0,14.07,122.97
SAGNAY,Camarines Sur,1.0,14.07,122.97
SIPOCOT,Camarines Sur,8.0,14.07,122.97
SIRUMA,Camarines Sur,2.0,14.07,122.97
TIGAON,Camarines Sur,5.0,14.07,122.97
TINAMBAC,Camarines Sur,5.0,14.07,122.97
BAGAMANOC,Catanduanes,0.0,17.6,120.62
CARAMORAN,Catanduanes,0.0,17.6,120.62
GIGMOTO,Catanduanes,0.0,17.6,120.62
PANDAN,Catanduanes,0.0,11.75,122.16666666666667
PANGANIBAN (PAJO),Catanduanes,1.0,13.9,124.3
SAN ANDRES (CALOLBON),Catanduanes,2.0,17.47,120.6
VIGA,Catanduanes,1.0,17.6,120.62
VIRAC (CAPITAL),Catanduanes,18.0,13.58,124.23
AROROY,Masbate,6.0,17.6,120.62
BALENO,Masbate,2.0,17.6,120.62
BALUD,Masbate,4.0,17.6,120.62
BATUAN,Masbate,1.0,17.6,120.62
CATAINGAN,Masbate,9.0,17.6,120.62
CAUAYAN,Masbate,7.0,17.6,120.62
DIMASALANG,Masbate,2.0,17.6,120.62
ESPERANZA,Masbate,1.0,17.6,120.62
MANDAON,Masbate,3.0,17.6,120.62
MASBATE (CITY/CAPITAL),Masbate,22.0,12.17,123.58
MILAGROS,Masbate,2.0,17.6,120.62
MOBO,Masbate,3.0,17.6,120.62
MONREAL,Masbate,1.0,17.6,120.62
PALANAS,Masbate,2.0,17.6,120.62
PIO V. CORPUZ (LIMBUHAN),Masbate,2.0,13.03,123.45
PLACER,Masbate,6.0,17.6,120.62
USON,Masbate,4.0,17.6,120.62
BARCELONA,Sorsogon,0.0,17.6,120.62
BULAN,Sorsogon,7.0,12.666666666666666,123.86666666666666
BULUSAN,Sorsogon,1.0,17.6,120.62
CASTILLA,Sorsogon,5.0,17.6,120.62
DONSOL,Sorsogon,4.0,17.6,120.62
GUBAT,Sorsogon,5.0,17.6,120.62
IROSIN,Sorsogon,10.0,17.6,120.62
JUBAN,Sorsogon,1.0,17.6,120.62
MATNOG,Sorsogon,2.0,17.6,120.62
PRIETO DIAZ,Sorsogon,1.0,13.03,124.18
SANTA MAGDALENA,Sorsogon,0.0,18.28,121.43
SORSOGON (CITY/CAPITAL),Sorsogon,28.0,12.97,124.0
ALTAVAS,Aklan,5.0,17.6,120.62
BANGA,Aklan,3.0,17.6,120.62
BATAN,Aklan,0.0,17.6,120.62
BURUANGA,Aklan,1.0,17.6,120.62
IBAJAY,Aklan,3.0,17.6,120.62
KALIBO (CAPITAL),Aklan,28.0,11.7,122.37
LEZO,Aklan,0.0,17.6,120.62
LIBACAO,Aklan,0.0,17.6,120.62
MADALAG,Aklan,0.0,17.6,120.62
MAKATO,Aklan,1.0,17.6,120.62
MALAY (BORACAY),Aklan,21.0,11.9,121.91
NABAS,Aklan,2.0,17.6,120.62
NEW WASHINGTON,Aklan,1.0,11.65,122.43
NUMANCIA,Aklan,2.0,17.6,120.62
TANGALAN,Aklan,0.0,17.6,120.62
ANINI-Y,Antique,2.0,17.6,120.62
BARBAZA,Antique,1.0,17.6,120.62
BELISON,Antique,1.0,17.6,120.62
BUGASONG,Antique,5.0,17.6,120.62
CALUYA,Antique,1.0,17.6,120.62
CULASI,Antique,9.0,17.6,120.62
HAMTIC,Antique,3.0,17.6,120.62
LAWA-AN,Antique,2.0,17.6,120.62
LIBERTAD,Antique,0.0,17.6,120.62
PATNONGON,Antique,2.0,17.6,120.62
SAN JOSE (CAPITAL),Antique,26.0,17.47,120.6
SAN REMEGIO,Antique,0.0,17.47,120.6
SEBASTE,Antique,1.0,17.6,120.62
SIBALOM,Antique,4.0,17.6,120.62
TIBIAO,Antique,1.0,17.6,120.62
TOBIAS FORNIER,Antique,3.0,10.52,121.95
VALDERAMA,Antique,0.0,17.6,120.62
CUARTERO,Capiz,4.0,17.6,120.62
DAO,Capiz,1.0,17.6,120.62
DUMALAG,Capiz,3.0,17.6,120.62
DUMARAO,Capiz,1.0,17.6,120.62
IVISAN,Capiz,2.0,17.6,120.62
JAMINDAN,Capiz,2.0,17.6,120.62
MA-AYON,Capiz,1.0,17.6,120.62
MAMBUSAO,Capiz,8.0,17.6,120.62
PANAY,Capiz,1.0,11.166666666666666,122.5
PANITAN,Capiz,2.0,17.6,120.62
PONTEVEDRA,Capiz,4.0,17.6,120.62
PRESIDENT ROXAS,Capiz,4.0,11.58,122.75
ROXAS (CITY/CAPITAL),Capiz,43.0,11.58,122.75
SAPIAN,Capiz,0.0,17.6,120.62
SIGMA,Capiz,1.0,17.6,120.62
TAPAZ,Capiz,3.0,17.6,120.62
JORDAN,Guimaras,10.0,17.6,120.62
NUEVA VALENCIA,Guimaras,2.0,9.62,124.2
SAN LORENZO,Guimaras,0.0,17.47,120.6
SIBUNAG,Guimaras,0.0,17.6,120.62
AJUY,Iloilo,1.0,17.6,120.62
ALIMODIAN,Iloilo,2.0,17.6,120.62
ANILAO,Iloilo,1.0,17.6,120.62
BADIANGAN,Iloilo,0.0,17.6,120.62
BALASAN,Iloilo,3.0,17.6,120.62
BANATE,Iloilo,5.0,17.6,120.62
BAROTAC NUEVO,Iloilo,7.0,10.9,122.7
BAROTAC VIEJO,Iloilo,4.0,10.9,122.7
BATAD,Iloilo,0.0,17.6,120.62
BINGAWAN,Iloilo,0.0,17.6,120.62
CALINOG,Iloilo,5.0,17.6,120.62
CARLES,Iloilo,2.0,17.6,120.62
DINGLE,Iloilo,2.0,17.6,120.62
DUENAS,Iloilo,2.0,17.6,120.62
DUMANGAS,Iloilo,3.0,17.6,120.62
ESTANCIA,Iloilo,10.0,17.6,120.62
GUIMBAL,Iloilo,4.0,17.6,120.62
IGBARAS,Iloilo,2.0,17.6,120.62
ILOILO (CITY/CAPITAL),Iloilo,154.0,11.0,122.67
JANIUAY,Iloilo,5.0,17.6,120.62
LAMBUNAO,Iloilo,3.0,17.6,120.62
LEGANES,Iloilo,4.0,17.6,120.62
LEON,Iloilo,4.0,17.6,120.62
MAASIN,Iloilo,1.0,17.6,120.62
MIAGAO,Iloilo,5.0,17.6,120.62
MINA,Iloilo,1.0,17.6,120.62
NEW LUCENA (LUCENA),Iloilo,1.0,11.65,122.43
OTON,Iloilo,10.0,17.6,120.62
PASSI CITY,Iloilo,15.0,13.13,123.73
PAVIA,Iloilo,6.0,17.6,120.62
POTOTAN,Iloilo,12.0,10.9,122.63333333333334
SAN DIONISIO,Iloilo,1.0,17.47,120.6
SAN ENRIQUE,Iloilo,1.0,17.47,120.6
SAN JOAQUIN,Iloilo,4.0,17.47,120.6
SARA,Iloilo,9.0,17.6,120.62
TIGBAUAN,Iloilo,5.0,17.6,120.62
TUBUNGAN,Iloilo,1.0,17.6,120.62
ZARRAGA,Iloilo,3.0,17.6,120.62
BACOLOD (CITY/CAPITAL),Negros Occidental,115.0,10.67,122.95
BAGO CITY,Negros Occidental,6.0,8.48,123.8
BINALBAGAN,Negros Occidental,4.0,10.2,122.83333333333333
CADIZ (CITY),Negros Occidental,11.0,10.95,123.3
CANDONI,Negros Occidental,0.0,8.42,123.82
ENRIQUE B. MAGALONA (SARAVIA),Negros Occidental,1.0,10.88,122.97
ESCALANTE CITY,Negros Occidental,4.0,8.48,123.8
HIMAMAYLAN CITY,Negros Occidental,3.0,8.48,123.8
HINIGARAN,Negros Occidental,4.0,8.42,123.82
HINO-BAAN (ASIA),Negros Occidental,3.0,9.58,122.47
ILOG,Negros Occidental,1.0,8.42,123.82
ISABELA,Negros Occidental,1.0,6.666666666666667,121.98333333333333
KABANKALAN CITY,Negros Occidental,24.0,8.48,123.8
LA CARLOTA (CITY),Negros Occidental,8.0,10.41,123.0
LA CASTELLANA,Negros Occidental,2.0,10.35,123.07
MANAPLA,Negros Occidental,1.0,8.42,123.82
MOISES PADILLA (MAGALLON),Negros Occidental,0.0,10.27,123.08
MURCIA,Negros Occidental,2.0,8.42,123.82
PULUPANDAN,Negros Occidental,0.0,8.42,123.82
SAGAY CITY,Negros Occidental,5.0,8.48,123.8
SALVADOR BENEDICTO,Negros Occidental,0.0,10.55,123.23
SILAY (CITY),Negros Occidental,13.0,10.8,122.97
SIPALAY CITY,Negros Occidental,4.0,8.48,123.8
TALISAY CITY,Negros Occidental,5.0,8.48,123.8
TOBOSO,Negros Occidental,0.0,8.42,123.82
VALLADOLID,Negros Occidental,1.0,8.42,123.82
VICTORIAS CITY,Negros Occidental,9.0,8.48,123.8
ALBURQUERQUE,Bohol,0.0,17.6,120.62
ANTEQUERA,Bohol,2.0,17.6,120.62
BACLAYON,Bohol,2.0,17.6,120.62
BALILIHAN,Bohol,1.0,17.6,120.62
BIEN UNIDO,Bohol,0.0,10.13,124.38
BILAR,Bohol,0.0,17.6,120.62
CALAPE,Bohol,2.0,17.6,120.62
CANDIJAY,Bohol,1.0,17.6,120.62
CARMEN,Bohol,4.0,17.6,120.62
CATIGBIAN,Bohol,1.0,17.6,120.62
CLARIN,Bohol,2.0,17.6,120.62
CORELLA,Bohol,1.0,17.6,120.62
CORTES,Bohol,1.0,17.6,120.62
DAGOHOY,Bohol,0.0,17.6,120.62
DANAO,Bohol,0.0,17.6,120.62
DAUIS,Bohol,1.0,17.6,120.62
DIMIAO,Bohol,0.0,17.6,120.62
DUERO,Bohol,0.0,17.6,120.62
GARCIA - HERNANDEZ,Bohol,1.0,13.88,121.22
GETAFE,Bohol,1.0,17.6,120.62
GUINDULMAN,Bohol,2.0,17.6,120.62
INABANGA,Bohol,3.0,17.6,120.62
JAGNA,Bohol,7.0,17.6,120.62
LILA,Bohol,0.0,17.6,120.62
LOAY,Bohol,1.0,17.6,120.62
LOBOC,Bohol,1.0,17.6,120.62
LOON,Bohol,5.0,17.6,120.62
MARIBOJOC,Bohol,1.0,17.6,120.62
PANGLAO,Bohol,9.0,17.6,120.62
PRES. CARLOS P. GARCIA (PITOGO),Bohol,0.0,10.12,124.55
SAGBAYAN (BORJA),Bohol,2.0,9.92,124.1
SEVILLA,Bohol,0.0,17.6,120.62
SIERRA - BULLONES,Bohol,1.0,9.82,124.28
SIKATUNA,Bohol,0.0,17.6,120.62
TAGBILARAN (CITY/CAPITAL),Bohol,47.0,9.65,123.85
TALIBON,Bohol,7.0,17.6,120.62
TRINIDAD,Bohol,1.0,17.6,120.62
TUBIGON,Bohol,14.0,17.6,120.62
UBAY,Bohol,7.0,17.6,120.62
VALENCIA,Bohol,1.0,17.6,120.62
ALCOY,Cebu,1.0,17.6,120.62
ALEGRIA,Cebu,1.0,17.6,120.62
ALOGUINSAN,Cebu,0.0,17.6,120.62
ARGAO,Cebu,7.0,17.6,120.62
ASTURIAS,Cebu,2.0,17.6,120.62
BADIAN,Cebu,1.0,17.6,120.62
BALAMBAN,Cebu,9.0,17.6,120.62
BANTAYAN,Cebu,8.0,17.6,120.62
BARILI,Cebu,4.0,17.6,120.62
BOGO CITY,Cebu,23.0,13.13,123.73
BOLJOON,Cebu,1.0,17.6,120.62
BORBON,Cebu,1.0,17.6,120.62
CARCAR CITY,Cebu,22.0,13.13,123.73
CATMON,Cebu,2.0,17.6,120.62
CEBU (CITY/CAPITAL),Cebu,263.0,10.32,123.75
COMPOSTELA,Cebu,3.0,17.6,120.62
CONSOLACION,Cebu,18.0,17.6,120.62
CORDOVA,Cebu,2.0,17.6,120.62
DAANBANTAYAN,Cebu,3.0,17.6,120.62
DALAGUETE,Cebu,4.0,17.6,120.62
DANAO (CITY),Cebu,15.0,10.02,124.27
DUMANJUG,Cebu,5.0,17.6,120.62
GINATILAN,Cebu,1.0,17.6,120.62
LAPU-LAPU CITY (OPON) ,Cebu,48.0,13.13,123.73
LILOAN,Cebu,6.0,17.6,120.62
MADRIDEJOS,Cebu,1.0,17.6,120.62
MALABUYOC,Cebu,0.0,17.6,120.62
MANDAUE (CITY),Cebu,93.0,10.33,123.93
MEDELLIN,Cebu,1.0,17.6,120.62
MINGLANILLA,Cebu,13.0,17.6,120.62
MOALBOAL,Cebu,8.0,17.6,120.62
NAGA CITY,Cebu,9.0,13.13,123.73
OSLOB,Cebu,5.0,17.6,120.62
PINAMUNGAJAN,Cebu,2.0,17.6,120.62
PORO,Cebu,2.0,17.6,120.62
RONDA,Cebu,1.0,17.6,120.62
SAMBOAN,Cebu,1.0,17.6,120.62
SAN FRANCISCO,Cebu,1.0,17.47,120.6
SAN REMIGIO,Cebu,1.0,17.47,120.6
SANTANDER,Cebu,2.0,17.6,120.62
SIBONGA,Cebu,4.0,17.6,120.62
SOGOD,Cebu,2.0,17.6,120.62
TABOGON,Cebu,0.0,17.6,120.62
TABUELAN,Cebu,0.0,17.6,120.62
TOLEDO (CITY),Cebu,17.0,10.38,123.65
TUBURAN,Cebu,2.0,17.6,120.62
TUDELA,Cebu,0.0,17.6,120.62
ENRIQUE VILLANUEVA,Siquijor,0.0,11.07,122.65
LARENA,Siquijor,6.0,17.6,120.62
LAZI,Siquijor,2.0,17.6,120.62
MARIA,Siquijor,1.0,17.6,120.62
SIQUIJOR (CAPITAL),Siquijor,6.0,16.58,121.5
AMLAN (AYUQUITAN),Negros Oriental,3.0,9.45,123.23
AYUNGON,Negros Oriental,2.0,7.57,126.57
BACONG,Negros Oriental,2.0,7.57,126.57
BAIS (CITY),Negros Oriental,9.0,9.58,123.12
BASAY,Negros Oriental,1.0,7.57,126.57
BINDOY (PAYABON),Negros Oriental,2.0,9.77,123.13
CANLAON (CITY),Negros Oriental,2.0,10.38,123.2
CITY OF BAYAWAN (TULONG),Negros Oriental,16.0,6.95,126.23
DAUIN,Negros Oriental,3.0,7.57,126.57
DUMAGUETE (CITY/CAPITAL),Negros Oriental,53.0,9.32,123.3
GUIHULNGAN CITY,Negros Oriental,6.0,10.1167,123.2667
JIMALALUD,Negros Oriental,2.0,7.57,126.57
LA LIBERTAD,Negros Oriental,0.0,8.56,124.35
MABINAY,Negros Oriental,2.0,7.57,126.57
MANJUYOD,Negros Oriental,1.0,7.57,126.57
SIATON,Negros Oriental,5.0,7.57,126.57
SIBULAN,Negros Oriental,6.0,7.57,126.57
TANJAY CITY,Negros Oriental,9.0,6.95,126.23
TAYASAN,Negros Oriental,0.0,7.57,126.57
VALLEHERMOSA,Negros Oriental,1.0,7.57,126.57
ZAMBOANGUITA,Negros Oriental,1.0,7.57,126.57
ALMERIA,Biliran,0.0,17.6,120.62
BILIRAN,Biliran,1.0,17.6,120.62
CABUCGAYAN,Biliran,0.0,17.6,120.62
CAIBIRAN,Biliran,1.0,17.6,120.62
CULABA,Biliran,1.0,17.6,120.62
KAWAYAN,Biliran,1.0,17.6,120.62
MARIPIPI,Biliran,0.0,17.6,120.62
NAVAL,Biliran,10.0,17.6,120.62
ARTECHE,Eastern Samar,0.0,12.27,125.37
BALANGIGA,Eastern Samar,1.0,12.27,125.37
BALANGKAYAN,Eastern Samar,0.0,12.27,125.37
CAN-AVID,Eastern Samar,1.0,12.27,125.37
CITY OF BORONGAN,Eastern Samar,12.0,12.07,124.6
GENERAL MACARTHUR,Eastern Samar,2.0,11.3,125.46666666666667
GIPORLOS,Eastern Samar,0.0,12.27,125.37
GUIUAN,Eastern Samar,8.0,11.083333333333334,125.91666666666667
HERNANI,Eastern Samar,0.0,12.27,125.37
JIPAPAD,Eastern Samar,0.0,12.27,125.37
LLORENTE,Eastern Samar,1.0,12.27,125.37
MASLOG,Eastern Samar,0.0,12.27,125.37
MAYDOLONG,Eastern Samar,0.0,12.27,125.37
ORAS,Eastern Samar,0.0,12.15,125.46666666666667
QUINAPUNDAN,Eastern Samar,1.0,12.27,125.37
SALCEDO,Eastern Samar,1.0,12.27,125.37
SAN JULIAN,Eastern Samar,0.0,11.75,125.45
SAN POLICARPO,Eastern Samar,0.0,11.75,125.45
SULAT,Eastern Samar,1.0,12.27,125.37
TAFT,Eastern Samar,0.0,12.27,125.37
ABUYOG,Leyte,4.0,17.6,120.62
ALANGALANG,Leyte,2.0,17.6,120.62
ALBUERA,Leyte,2.0,17.6,120.62
BABATNGON,Leyte,1.0,17.6,120.62
BARUGO,Leyte,0.0,17.6,120.62
BAYBAY CITY,Leyte,13.0,13.13,123.73
BURAUEN,Leyte,1.0,17.6,120.62
CALUBIAN,Leyte,0.0,17.6,120.62
CAPOOCAN,Leyte,0.0,17.6,120.62
CARIGARA,Leyte,5.0,17.6,120.62
DAGAMI,Leyte,1.0,17.6,120.62
DULAG,Leyte,1.0,17.6,120.62
HILONGOS,Leyte,6.0,17.6,120.62
HINDANG,Leyte,1.0,17.6,120.62
INOPACAN,Leyte,1.0,17.6,120.62
ISABEL,Leyte,4.0,17.6,120.62
JARO,Leyte,1.0,17.6,120.62
JAVIER (BUGHO),Leyte,0.0,10.8,124.93
JULITA,Leyte,0.0,17.6,120.62
KANANGA,Leyte,2.0,17.6,120.62
LEYTE,Leyte,1.0,17.6,120.62
MACARTHUR,Leyte,0.0,17.6,120.62
MAHAPLAG,Leyte,0.0,17.6,120.62
MATAG-OB,Leyte,2.0,17.6,120.62
MATALOM,Leyte,2.0,17.6,120.62
MAYORGA,Leyte,0.0,17.6,120.62
MERIDA,Leyte,2.0,17.6,120.62
ORMOC (CITY),Leyte,34.0,11.02,124.62
PALO,Leyte,3.0,17.6,120.62
PALOMPON,Leyte,3.0,17.6,120.62
PASTRANA,Leyte,0.0,17.6,120.62
TABANGO,Leyte,1.0,17.6,120.62
TABONTABON,Leyte,0.0,17.6,120.62
TACLOBAN (CITY/CAPITAL),Leyte,50.0,11.24,125.0
TANAUAN,Leyte,4.0,17.6,120.62
TOLOSA,Leyte,0.0,17.6,120.62
TUNGA,Leyte,1.0,17.6,120.62
VILLABA,Leyte,1.0,17.6,120.62
ALLEN,Northern Samar,5.0,12.27,125.37
BIRI,Northern Samar,0.0,12.27,125.37
BOBON,Northern Samar,1.0,12.27,125.37
CAPUL,Northern Samar,0.0,12.27,125.37
CATARMAN (CAPITAL),Northern Samar,16.0,12.45,124.65
CATUBIG,Northern Samar,0.0,12.27,125.37
GAMAY,Northern Samar,0.0,12.27,125.37
LAOANG,Northern Samar,2.0,12.533333333333333,125.13333333333334
LAPINIG,Northern Samar,0.0,12.27,125.37
LAS NAVAS,Northern Samar,0.0,12.31,125.02
LAVEZARES,Northern Samar,0.0,12.27,125.37
LOPE DE VEGA,Northern Samar,0.0,12.3,124.62
MAPANAS,Northern Samar,0.0,12.27,125.37
MONDRAGON,Northern Samar,0.0,12.27,125.37
PALAPAG,Northern Samar,0.0,12.27,125.37
PAMBUJAN,Northern Samar,1.0,12.27,125.37
SAN ROQUE,Northern Samar,0.0,11.75,125.45
SILVINO LOBOS,Northern Samar,0.0,12.3,124.83
ANAHAWAN,Southern Leyte,0.0,10.73,125.02
BONTOC,Southern Leyte,1.0,17.116666666666667,120.96666666666667
HINUNANGAN,Southern Leyte,1.0,10.73,125.02
HINUNDAYAN,Southern Leyte,1.0,10.73,125.02
LIBAGON,Southern Leyte,0.0,10.73,125.02
LIMASAWA,Southern Leyte,0.0,10.73,125.02
MAASIN (CITY/CAPITAL),Southern Leyte,17.0,10.13,124.85
MACROHON,Southern Leyte,0.0,10.73,125.02
MALITBOG,Southern Leyte,1.0,10.73,125.02
PINTUYAN,Southern Leyte,0.0,10.73,125.02
SAINT BERNARD,Southern Leyte,0.0,10.28,125.13
SAN JUAN (CABALIAN),Southern Leyte,3.0,11.42,124.35
SAN RICARDO,Southern Leyte,0.0,11.42,124.35
SILAGO,Southern Leyte,0.0,10.73,125.02
TOMAS OPPUS,Southern Leyte,0.0,10.25,124.98
ALMAGRO,Western Samar,0.0,12.27,125.37
BASEY,Western Samar,2.0,12.27,125.37
CALBAYOG (CITY),Western Samar,19.0,12.07,124.6
CALBIGA,Western Samar,1.0,12.27,125.37
CATBALOGAN CITY,Western Samar,16.0,12.07,124.6
DARAM,Western Samar,0.0,12.27,125.37
GANDARA,Western Samar,2.0,12.27,125.37
HINABANGAN,Western Samar,0.0,12.27,125.37
JIABONG,Western Samar,0.0,12.27,125.37
MARABUT,Western Samar,0.0,12.27,125.37
MATUGUINAO,Western Samar,0.0,12.27,125.37
MOTIONG,Western Samar,1.0,12.27,125.37
PAGSANGHAN,Western Samar,0.0,12.27,125.37
PARANAS (WRIGHT),Western Samar,1.0,11.85,125.12
PINABACDAO,Western Samar,0.0,12.27,125.37
SAN JORGE,Western Samar,1.0,11.75,125.45
SAN JOSE DE BUAN,Western Samar,0.0,11.75,125.45
SAN SEBASTIAN,Western Samar,0.0,11.75,125.45
SANTA MARGARITA,Western Samar,2.0,12.03,124.67
SANTO NINO,Western Samar,0.0,11.94,124.42
TAGAPUL-AN,Western Samar,0.0,12.27,125.37
TALALORA,Western Samar,0.0,12.27,125.37
TARANGNAN,Western Samar,0.0,12.27,125.37
VILLAREAL,Western Samar,0.0,12.27,125.37
ZUMARRAGA,Western Samar,0.0,12.27,125.37
ISABELA (CITY/CAPITAL),Isabela,4.0,6.7,121.97
BACUNGAN (LEON B. POSTIGO),Zamboanga Del Norte,1.0,8.08,122.93
BALIGUIAN,Zamboanga Del Norte,0.0,8.97,125.42
DAPITAN (CITY),Zamboanga Del Norte,7.0,8.65,123.42
DIPOLOG (CITY/CAPITAL),Zamboanga Del Norte,32.0,8.57,123.33
GODOD,Zamboanga Del Norte,0.0,8.97,125.42
GUTALAC,Zamboanga Del Norte,0.0,8.97,125.42
JOSE DALMAN,Zamboanga Del Norte,2.0,5.92,125.65
KALAWIT,Zamboanga Del Norte,0.0,8.97,125.42
KATIPUNAN,Zamboanga Del Norte,1.0,8.97,125.42
LABASON,Zamboanga Del Norte,1.0,8.97,125.42
LILOY,Zamboanga Del Norte,11.0,8.066666666666666,122.65
MANUKAN,Zamboanga Del Norte,4.0,8.97,125.42
MUTIA,Zamboanga Del Norte,1.0,8.97,125.42
PINAN (NEW BINAN),Zamboanga Del Norte,3.0,8.4,123.43
POLANCO,Zamboanga Del Norte,3.0,8.97,125.42
PRESIDENT MANUEL A. ROXAS,Zamboanga Del Norte,4.0,8.48,123.22
SALUG,Zamboanga Del Norte,1.0,8.97,125.42
SERGIO OSMENA,Zamboanga Del Norte,1.0,8.27,123.38
SIAYAN,Zamboanga Del Norte,1.0,8.97,125.42
SIBUCO,Zamboanga Del Norte,0.0,8.97,125.42
SIBUTAD,Zamboanga Del Norte,0.0,8.97,125.42
SINDANGAN,Zamboanga Del Norte,14.0,8.97,125.42
SIOCON,Zamboanga Del Norte,1.0,8.97,125.42
SIRAWAI (SIRAWAY),Zamboanga Del Norte,0.0,7.58,122.13
TAMPILISAN,Zamboanga Del Norte,1.0,8.97,125.42
BAYOG,Zamboanga Del Sur,1.0,8.97,125.42
DIMATALING,Zamboanga Del Sur,0.0,8.97,125.42
DINAS,Zamboanga Del Sur,0.0,8.97,125.42
DUMALINAO,Zamboanga Del Sur,4.0,8.97,125.42
DUMINGAG,Zamboanga Del Sur,1.0,8.97,125.42
GUIPOS,Zamboanga Del Sur,1.0,8.97,125.42
JOSEFINA,Zamboanga Del Sur,0.0,8.97,125.42
KUMALARANG,Zamboanga Del Sur,1.0,8.97,125.42
LABANGAN,Zamboanga Del Sur,0.0,8.97,125.42
LAKEWOOD,Zamboanga Del Sur,1.0,8.97,125.42
LAPUYAN,Zamboanga Del Sur,0.0,8.97,125.42
MAHAYAG,Zamboanga Del Sur,0.0,8.97,125.42
MARGO SA TUBIG,Zamboanga Del Sur,1.0,7.58,123.17
MIDSALIP,Zamboanga Del Sur,0.0,8.97,125.42
MOLAVE,Zamboanga Del Sur,13.0,8.97,125.42
PAGADIAN (CITY/CAPITAL),Zamboanga Del Sur,39.0,7.83,123.43
RAMON MAGSAYSAY (LIARGO),Zamboanga Del Sur,1.0,6.77,125.18
SOMINOT (DON MARIANO MARCOS),Zamboanga Del Sur,0.0,8.02,123.37
TABINA,Zamboanga Del Sur,0.0,8.97,125.42
TAMBULIG,Zamboanga Del Sur,0.0,8.97,125.42
TIGBAO,Zamboanga Del Sur,0.0,8.97,125.42
TUKURAN,Zamboanga Del Sur,0.0,8.97,125.42
VINCEZO A. SAGUN,Zamboanga Del Sur,0.0,7.52,123.17
ZAMBOANGA (CITY),Zamboanga Del Sur,82.0,6.92,122.08
BUUG,Zamboanga Sibugay,6.0,8.08,122.93
DIPLAHAN,Zamboanga Sibugay,0.0,8.08,122.93
IMELDA,Zamboanga Sibugay,6.0,8.08,122.93
IPIL,Zamboanga Sibugay,20.0,8.08,122.93
KABASALAN,Zamboanga Sibugay,2.0,7.783333333333333,122.73333333333333
MABUHAY,Zamboanga Sibugay,1.0,8.08,122.93
MALANGAS,Zamboanga Sibugay,0.0,8.08,122.93
NAGA,Zamboanga Sibugay,0.0,13.633333333333333,123.25
OLUTANGA,Zamboanga Sibugay,0.0,8.08,122.93
PAYAO,Zamboanga Sibugay,0.0,8.08,122.93
ROSELLER T LIM,Zamboanga Sibugay,0.0,7.7,122.47
SIAY,Zamboanga Sibugay,0.0,8.08,122.93
TALUSAN,Zamboanga Sibugay,0.0,8.08,122.93
TITAY,Zamboanga Sibugay,0.0,8.08,122.93
TUNGAWAN,Zamboanga Sibugay,0.0,8.08,122.93
BAUNGON,Bukidnon,1.0,17.6,120.62
CABANGLASAN,Bukidnon,1.0,17.6,120.62
DAMULOG,Bukidnon,0.0,17.6,120.62
DANGCAGAN,Bukidnon,1.0,17.6,120.62
DON CARLOS,Bukidnon,3.0,10.12,124.55
IMPASUG-ONG,Bukidnon,0.0,17.6,120.62
KADINGILAN,Bukidnon,1.0,17.6,120.62
KALILANGAN,Bukidnon,3.0,17.6,120.62
KIBAWE,Bukidnon,3.0,17.6,120.62
KITAOTAO,Bukidnon,1.0,17.6,120.62
LANTAPAN,Bukidnon,1.0,17.6,120.62
LIBONA,Bukidnon,1.0,17.6,120.62
MALAYBALAY (CITY/CAPITAL),Bukidnon,22.0,8.15,125.13
MANOLO FORTICH (MALUKO),Bukidnon,9.0,8.37,124.87
MARAMAG,Bukidnon,17.0,17.6,120.62
PANGANTOCAN,Bukidnon,0.0,17.6,120.62
SUMILAO,Bukidnon,1.0,17.6,120.62
TALAKAG,Bukidnon,1.0,17.6,120.62
VALENCIA CITY,Bukidnon,32.0,13.13,123.73
CATARMAN,Camiguin,0.0,12.466666666666667,124.58333333333333
GUINSILIBAN,Camiguin,0.0,17.6,120.62
MAHINOG,Camiguin,0.0,17.6,120.62
MAMBAJAO (CAPITAL),Camiguin,8.0,9.25,124.72
SAGAY,Camiguin,0.0,17.6,120.62
BACOLOD,Lanao del Norte,1.0,10.666666666666666,122.95
BALO-I,Lanao del Norte,0.0,8.97,125.42
BAROY,Lanao del Norte,1.0,8.97,125.42
ILIGAN CITY,Lanao del Norte,39.0,8.95,125.53
KAPATAGAN,Lanao del Norte,5.0,8.97,125.42
KAUSWAGAN,Lanao del Norte,0.0,8.97,125.42
KOLAMBUGAN,Lanao del Norte,1.0,8.97,125.42
LALA,Lanao del Norte,8.0,8.97,125.42
LINAMON,Lanao del Norte,1.0,8.97,125.42
MAIGO,Lanao del Norte,1.0,8.97,125.42
MATUNGAO,Lanao del Norte,0.0,8.97,125.42
MUNAI,Lanao del Norte,0.0,8.97,125.42
NUNANGAN,Lanao del Norte,0.0,8.97,125.42
PANTAO RAGAT,Lanao del Norte,0.0,8.05,124.15
PANTAR,Lanao del Norte,0.0,8.97,125.42
POONA PIAGASO,Lanao del Norte,0.0,8.08,124.08
SALVADOR,Lanao del Norte,0.0,8.97,125.42
SAPAD,Lanao del Norte,0.0,8.97,125.42
SULTAN NAGA (KAROMATAN),Lanao del Norte,0.0,7.78,123.75
TAGOLOAN,Lanao del Norte,0.0,8.97,125.42
TANGCAL,Lanao del Norte,0.0,8.97,125.42
TUBOD,Lanao del Norte,4.0,8.97,125.42
ALORAN,Misamis Occidental,2.0,8.42,123.82
BALIANGAO,Misamis Occidental,0.0,8.42,123.82
BONIFACIO,Misamis Occidental,1.0,8.42,123.82
CALAMBA,Misamis Occidental,9.0,8.42,123.82
CITY OF OZAMIS,Misamis Occidental,3.0,8.48,123.8
DON MARIANO MARCOS,Misamis Occidental,2.0,8.3,123.58
JIMENEZ,Misamis Occidental,2.0,8.42,123.82
LOPEZ-JAENA,Misamis Occidental,16.0,8.42,123.82
OROQUIETA (CITY/CAPITAL),Misamis Occidental,33.0,8.48,123.8
PANAON,Misamis Occidental,1.0,8.42,123.82
SAPANG DALAGA,Misamis Occidental,0.0,8.55,123.57
SINACABAN,Misamis Occidental,2.0,8.42,123.82
TANGUB (CITY),Misamis Occidental,3.0,8.07,123.75
ALUBIJID,Misamis Oriental,3.0,7.57,126.57
BALINGASAG,Misamis Oriental,8.0,7.57,126.57
BALINGOAN,Misamis Oriental,0.0,7.57,126.57
BINUANGAN,Misamis Oriental,0.0,7.57,126.57
CAGAYAN DE ORO (CITY/CAPITAL),Misamis Oriental,143.0,8.48,124.65
EL SALVADOR CITY,Misamis Oriental,6.0,8.57,124.52
GINGOOG (CITY),Misamis Oriental,15.0,8.82,125.1
GITAGUM,Misamis Oriental,1.0,7.57,126.57
INITAO,Misamis Oriental,1.0,7.57,126.57
JASAAN,Misamis Oriental,4.0,7.57,126.57
KINOGUITAN,Misamis Oriental,0.0,7.57,126.57
LAGONGLONG,Misamis Oriental,0.0,7.57,126.57
LAGUINDINGAN,Misamis Oriental,2.0,7.57,126.57
LUGAIT,Misamis Oriental,0.0,7.57,126.57
MAGSAYSAY (LINUGOS),Misamis Oriental,1.0,9.02,125.18
MANTICAO,Misamis Oriental,1.0,7.57,126.57
MEDINA,Misamis Oriental,1.0,7.57,126.57
NAAWAN,Misamis Oriental,1.0,7.57,126.57
OPOL,Misamis Oriental,1.0,7.57,126.57
SALAY,Misamis Oriental,2.0,7.57,126.57
SUGBONGCOGON,Misamis Oriental,2.0,7.57,126.57
TALISAYAN,Misamis Oriental,1.0,7.57,126.57
VILLANUEVA,Misamis Oriental,5.0,7.57,126.57
LAAK (SAN VICENTE),Davao de Oro,1.0,7.88,125.78
MABINI (DONA ALICIA),Davao de Oro,1.0,7.28,125.86
MACO,Davao de Oro,1.0,7.58,125.77
MARAGUSAN/SAN MARIANO,Davao de Oro,3.0,7.32,126.12
MAWAB,Davao de Oro,3.0,7.58,125.77
MONKAYO,Davao de Oro,3.0,7.58,125.77
MONTEVISTA,Davao de Oro,2.0,7.58,125.77
NABUNTURAN,Davao de Oro,13.0,7.58,125.77
NEW BATAAN,Davao de Oro,1.0,7.58,125.83
PANTUKAN,Davao de Oro,2.0,7.58,125.77
ASUNCION (SAUG),Davao del Norte,3.0,7.58,125.77
BRAULIO DUJALI,Davao del Norte,1.0,7.45,125.68
ISLAND GARDEN CITY OF SAMAL,Davao del Norte,11.0,7.1,125.72
KAPALONG,Davao del Norte,7.0,8.97,125.42
NEW CORELLA,Davao del Norte,1.0,7.58,125.83
PANABO CITY,Davao del Norte,28.0,8.95,125.53
TAGUM (CITY/CAPITAL),Davao del Norte,45.0,7.45,125.8
TALAINGOD,Davao del Norte,0.0,8.97,125.42
BANSALAN,Davao del Sur,6.0,8.97,125.42
DAVAO (CITY),Davao del Sur,270.0,7.21,125.4
DIGOS (CITY/CAPITAL),Davao del Sur,28.0,6.75,125.35
KIBLAWAN,Davao del Sur,1.0,8.97,125.42
MALALAG,Davao del Sur,3.0,8.97,125.42
MATANAO,Davao del Sur,1.0,8.97,125.42
PADADA,Davao del Sur,2.0,8.97,125.42
SULOP,Davao del Sur,3.0,8.97,125.42
DON MARCELINO,Davao Occidental,2.0,6.27,125.67
JOSE ABAD SANTOS (TRINIDAD),Davao Occidental,1.0,5.92,125.65
MALITA,Davao Occidental,9.0,7.58,125.77
SARANGANI,Davao Occidental,0.0,7.58,125.77
BAGANGA,Davao Occidental,2.0,7.566666666666666,126.55
BANAY-BANAY,Davao Occidental,2.0,7.58,125.77
BOSTON,Davao Occidental,1.0,7.58,125.77
CARAGA,Davao Occidental,1.0,7.58,125.77
CATEEL,Davao Occidental,5.0,7.783333333333333,126.4
CITY OF MATI (CAPITAL),Davao Occidental,19.0,7.31,125.68
GOVERNOR GENEROSO,Davao Occidental,2.0,6.65,126.07
LUPON,Davao Occidental,4.0,7.58,125.77
MANAY,Davao Occidental,3.0,7.58,125.77
TARRAGONA,Davao Occidental,0.0,7.58,125.77
ALAMADA,North Cotabato,3.0,7.33,124.57
ALEOSAN,North Cotabato,0.0,7.33,124.57
ANTIPAS,North Cotabato,5.0,7.33,124.57
ARAKAN,North Cotabato,1.0,7.33,124.57
BANISILAN,North Cotabato,0.0,7.33,124.57
COTABATO CITY,North Cotabato,,7.02,125.08
KABACAN,North Cotabato,10.0,7.33,124.57
KIDAPAWAN (CITY/CAPITAL),North Cotabato,27.0,7.02,125.08
LIBUNGAN,North Cotabato,3.0,7.33,124.57
M'LANG,North Cotabato,9.0,7.33,124.57
MAGPET,North Cotabato,0.0,7.33,124.57
MAKILALA,North Cotabato,4.0,7.33,124.57
MATALAM,North Cotabato,2.0,7.33,124.57
MIDSAYAP,North Cotabato,15.0,7.33,124.57
PIGKAWAYAN,North Cotabato,4.0,7.33,124.57
PIKIT,North Cotabato,0.0,7.33,124.57
TULUNAN,North Cotabato,2.0,7.33,124.57
ALABEL,Sarangani,5.0,17.6,120.62
GLAN,Sarangani,5.0,17.6,120.62
KIAMBA,Sarangani,4.0,6.033333333333333,124.76666666666667
MAASIM,Sarangani,2.0,17.6,120.62
MAITUM,Sarangani,2.0,17.6,120.62
MALAPATAN,Sarangani,0.0,17.6,120.62
MALUNGON,Sarangani,6.0,17.6,120.62
CITY OF KORONADAL (CITY/CAPITAL),Sarangani,32.0,13.13,123.73
GENERAL SANTOS CITY,Sarangani,85.0,14.3,121.0
LAKE SEBU,Sarangani,0.0,6.22,124.7
NORALA,Sarangani,2.0,17.6,120.62
POLOMOLOK,Sarangani,12.0,17.6,120.62
SURALLAH,Sarangani,9.0,17.6,120.62
T'BOLI,Sarangani,2.0,17.6,120.62
TAMPAKAN,Sarangani,3.0,17.6,120.62
TANTANGAN,Sarangani,1.0,17.6,120.62
TUPI,Sarangani,4.0,17.6,120.62
BAGUMBAYAN,Sultan Kudarat,0.0,6.53,124.57
COLUMBIO,Sultan Kudarat,0.0,6.53,124.57
ISULAN (CAPITAL),Sultan Kudarat,13.0,6.63,124.6
KALAMANSIG,Sultan Kudarat,2.0,6.53,124.57
LAMBAYONG (MARIANO MARCOS),Sultan Kudarat,2.0,6.8,124.63
LEBAK,Sultan Kudarat,5.0,6.533333333333333,124.08333333333333
LUTAYAN,Sultan Kudarat,0.0,6.53,124.57
PALIMBANG,Sultan Kudarat,2.0,6.53,124.57
PRESIDENT QUIRINO,Sultan Kudarat,1.0,6.7,124.73
SEN. NINOY AQUINO,Sultan Kudarat,1.0,6.47,124.33
TACURONG CITY,Sultan Kudarat,19.0,6.68,124.67
BUTUAN (CITY/CAPITAL),Agusan del Norte,55.0,8.95,125.53
CABADBARAN CITY,Agusan del Norte,9.0,8.95,125.53
JABONGA,Agusan del Norte,0.0,8.97,125.42
KITCHARAO,Agusan del Norte,3.0,8.97,125.42
LAS NIEVES,Agusan del Norte,1.0,8.73,125.6
NASIPIT,Agusan del Norte,3.0,8.97,125.42
REMEDIOS T. ROMUALDEZ,Agusan del Norte,0.0,9.05,125.59
TUBAY,Agusan del Norte,0.0,8.97,125.42
BAYUGAN CITY,Agusan del Sur,14.0,8.95,125.53
BUNAWAN,Agusan del Sur,3.0,8.97,125.42
LORETO,Agusan del Sur,1.0,8.97,125.42
PROSPERIDAD (CAPITAL),Agusan del Sur,4.0,8.6,125.92
SANTA JOSEFA,Agusan del Sur,2.0,7.98,126.03
SIBAGAT,Agusan del Sur,1.0,8.97,125.42
TALACOGON,Agusan del Sur,1.0,8.97,125.42
TRENTO,Agusan del Sur,9.0,8.97,125.42
VERUELA,Agusan del Sur,1.0,8.97,125.42
BASILISA,Agusan del Sur,0.0,8.97,125.42
CAGDIANAO,Agusan del Sur,0.0,8.97,125.42
DINAGAT,Agusan del Sur,0.0,10.166666666666666,125.66666666666667
LIBJO,Agusan del Sur,0.0,8.97,125.42
TUBAJON,Agusan del Sur,0.0,8.97,125.42
BACUAG,Surigao del Norte,0.0,8.97,125.42
CLAVER,Surigao del Norte,7.0,8.97,125.42
DAPA,Surigao del Norte,7.0,8.97,125.42
DEL CARMEN,Surigao del Norte,1.0,8.98,125.3
GEN LUNA,Surigao del Norte,2.0,9.8,126.13
GIGAQUIT,Surigao del Norte,0.0,8.97,125.42
MAINIT,Surigao del Norte,0.0,8.97,125.42
MALIMONO,Surigao del Norte,0.0,8.97,125.42
SAN BENITO,Surigao del Norte,0.0,8.5,125.98
STA. MONICA,Surigao del Norte,1.0,10.02,126.04
SURIGAO (CITY/CAPITAL),Surigao del Norte,27.0,9.78,125.48
TAGANA-AN,Surigao del Norte,0.0,8.97,125.42
BAROBO,Surigao del Sur,5.0,8.97,125.42
BAYABAS,Surigao del Sur,0.0,8.97,125.42
BISLIG CITY,Surigao del Sur,12.0,8.95,125.53
CAGWAIT,Surigao del Sur,3.0,8.97,125.42
CANTILAN,Surigao del Sur,4.0,8.97,125.42
CARRASCAL,Surigao del Sur,3.0,8.97,125.42
HINATUAN,Surigao del Sur,2.0,8.97,125.42
LANUZA,Surigao del Sur,0.0,8.97,125.42
LIANGA,Surigao del Sur,2.0,8.97,125.42
LINGIG,Surigao del Sur,1.0,8.97,125.42
MADRID,Surigao del Sur,6.0,8.97,125.42
MARIHATAG,Surigao del Sur,2.0,8.97,125.42
TAGBINA,Surigao del Sur,2.0,8.97,125.42
TAGO,Surigao del Sur,0.0,8.97,125.42
TANDAG CITY,Surigao del Sur,17.0,8.95,125.53
BANGUED,Abra,12.0,17.666666666666668,120.61666666666666
BOLINEY,Abra,0.0,17.6,120.62
BUCAY,Abra,2.0,17.6,120.62
BUCLOC,Abra,0.0,17.6,120.62
DAGUIOMAN,Abra,0.0,17.6,120.62
DANGLAS,Abra,0.0,17.6,120.62
LACUB,Abra,0.0,17.6,120.62
LAGANGILANG,Abra,1.0,17.6,120.62
LAGAYAN,Abra,0.0,17.6,120.62
LANGIDEN,Abra,0.0,17.6,120.62
LICUAN-BAAY (LICUAN),Abra,0.0,17.63,120.83
LUBA,Abra,0.0,17.6,120.62
MALIBCONG,Abra,0.0,17.6,120.62
MANABO,Abra,1.0,17.6,120.62
PENARRUBIA,Abra,0.0,17.6,120.62
PIDIGAN,Abra,1.0,17.6,120.62
SAL-LAPADAN,Abra,0.0,17.6,120.62
TAYUM,Abra,2.0,17.6,120.62
TINEG,Abra,0.0,17.6,120.62
TUBO,Abra,0.0,17.6,120.62
VILLAVICIOSA,Abra,0.0,17.6,120.62
CALANASAN,Apayao,0.0,17.6,120.62
CONNER,Apayao,2.0,17.6,120.62
FLORA,Apayao,0.0,17.6,120.62
KABUGAO,Apayao,0.0,17.6,120.62
PUDTOL,Apayao,0.0,17.6,120.62
SANTA MARCELA,Apayao,1.0,18.28,121.43
ATOK,Benguet,1.0,17.6,120.62
BAGUIO CITY,Benguet,88.0,13.13,123.73
BAKUN,Benguet,1.0,17.6,120.62
BOKOD,Benguet,0.0,17.6,120.62
BUGUIAS,Benguet,5.0,17.6,120.62
ITOGON,Benguet,3.0,17.6,120.62
KABAYAN,Benguet,0.0,17.6,120.62
KAPANGAN,Benguet,1.0,17.6,120.62
KIBUNGAN,Benguet,0.0,17.6,120.62
LA TRINIDAD (CAPITAL),Benguet,30.0,17.71,120.69
MANKAYAN,Benguet,2.0,17.6,120.62
SABLAN,Benguet,2.0,17.6,120.62
TUBA,Benguet,1.0,17.6,120.62
TUBLAY,Benguet,1.0,17.6,120.62
AGUINALDO,Ifugao,0.0,17.6,120.62
ALFONSO LISTA (POTIA),Ifugao,4.0,14.14,120.85
ASIPULO,Ifugao,0.0,17.6,120.62
BANAUE,Ifugao,2.0,17.6,120.62
HINGYON,Ifugao,0.0,17.6,120.62
HUNGDUAN,Ifugao,0.0,17.6,120.62
KIANGAN,Ifugao,1.0,17.6,120.62
LAGAWE (BURNAY) (CAPITAL),Ifugao,9.0,16.82,121.1
LAMUT,Ifugao,4.0,17.6,120.62
MAYOYAO,Ifugao,0.0,17.6,120.62
TINOC,Ifugao,1.0,17.6,120.62
BALBALAN,Kalinga,0.0,17.6,120.62
CITY OF TABUK,Kalinga,14.0,13.13,123.73
LUBUAGAN,Kalinga,0.0,17.6,120.62
PASIL,Kalinga,0.0,17.6,120.62
PINUKPUK,Kalinga,0.0,17.6,120.62
RIZAL (LIWAN),Kalinga,1.0,17.85,121.35
TANUDAN,Kalinga,0.0,17.6,120.62
TINGLAYAN,Kalinga,0.0,17.6,120.62
BARLIG,Mountain Province,0.0,17.08,121.15
BAUKO,Mountain Province,0.0,17.08,121.15
BESAO,Mountain Province,0.0,17.08,121.15
BONTOC (CAPITAL),Mountain Province,8.0,17.09,120.98
NATONIN,Mountain Province,0.0,17.08,121.15
PARACELIS,Mountain Province,1.0,17.08,121.15
SABANGAN,Mountain Province,1.0,17.08,121.15
SADANGA,Mountain Province,0.0,17.08,121.15
SAGADA,Mountain Province,1.0,17.08,121.15
TADIAN,Mountain Province,1.0,17.08,121.15
AKBAR,Basilan,0.0,17.6,120.62
AL BARKA,Basilan,0.0,6.47,122.18
HADJI MOHAMMAD AJUL,Basilan,0.0,6.62,122.3
HADJI MUHTAMAD,Basilan,0.0,6.62,122.3
LAMITAN CITY,Basilan,2.0,13.13,123.73
LANTAWAN,Basilan,0.0,17.6,120.62
MALUSO,Basilan,0.0,17.6,120.62
SUMISIP,Basilan,0.0,17.6,120.62
TABUAN-LASA,Basilan,0.0,17.6,120.62
TIPO-TIPO,Basilan,0.0,17.6,120.62
UNGKAYA PUKAN,Basilan,0.0,6.5,122.12
AMAI MANABILANG,Lanao del Sur,0.0,7.75,124.66
BACOLOD GRANDE,Lanao del Sur,0.0,8.18,124.02
BALABAGAN,Lanao del Sur,0.0,8.97,125.42
BALINDONG (WATU),Lanao del Sur,0.0,7.92,124.2
BAYANG,Lanao del Sur,0.0,8.97,125.42
BINIDAYAN,Lanao del Sur,0.0,8.97,125.42
BUADIPOSO-BUNTONG,Lanao del Sur,0.0,8.97,125.42
BUBONG,Lanao del Sur,0.0,8.97,125.42
BUTIG,Lanao del Sur,0.0,8.97,125.42
CALANOGAS,Lanao del Sur,0.0,8.97,125.42
DITSAAN-RAMAIN,Lanao del Sur,0.0,8.97,125.42
GANASSI,Lanao del Sur,0.0,8.97,125.42
KAPAI,Lanao del Sur,0.0,8.97,125.42
LUMBA-A-BAYABAO,Lanao del Sur,0.0,8.97,125.42
LUMBACA UNAYAN,Lanao del Sur,0.0,7.77,124.25
LUMBATAN,Lanao del Sur,0.0,8.97,125.42
LUMBAYANAGUE,Lanao del Sur,0.0,8.97,125.42
MADALUM,Lanao del Sur,0.0,8.97,125.42
MADAMBA,Lanao del Sur,0.0,8.97,125.42
MAGUING,Lanao del Sur,0.0,8.97,125.42
MALABANG,Lanao del Sur,0.0,8.97,125.42
MARANTAO,Lanao del Sur,0.0,8.97,125.42
MARAWI CITY,Lanao del Sur,4.0,8.95,125.53
MAROGONG,Lanao del Sur,0.0,8.97,125.42
MASIU,Lanao del Sur,0.0,8.97,125.42
MOLUNDO,Lanao del Sur,0.0,8.97,125.42
PAGAYAWAN,Lanao del Sur,0.0,8.97,125.42
PIAGAPO,Lanao del Sur,0.0,8.97,125.42
PICONG,Lanao del Sur,0.0,8.97,125.42
POON-A-BAYABAO,Lanao del Sur,0.0,8.97,125.42
PUALAS,Lanao del Sur,0.0,8.97,125.42
SAGUIARAN,Lanao del Sur,0.0,8.97,125.42
SULTAN DUMALONDONG,Lanao del Sur,0.0,7.78,123.75
TAMPARAN,Lanao del Sur,0.0,8.97,125.42
TARAKA,Lanao del Sur,0.0,8.97,125.42
TUBARAN,Lanao del Sur,0.0,8.97,125.42
TUGAYA,Lanao del Sur,0.0,8.97,125.42
WAO,Lanao del Sur,1.0,8.97,125.42
BARIRA,Maguindanao del Norte,0.0,8.97,125.42
BULDON,Maguindanao del Norte,0.0,8.97,125.42
DATU BLAH T. SINSUAT,Maguindanao del Norte,0.0,6.75,124.49
DATU ODIN SINSUAT,Maguindanao del Norte,0.0,6.75,124.49
KABUNTALAN,Maguindanao del Norte,0.0,8.97,125.42
MATANOG,Maguindanao del Norte,0.0,8.97,125.42
NORTHERN KABUNTALAN,Maguindanao del Norte,0.0,7.12,124.38
PARANG,Maguindanao del Norte,2.0,8.97,125.42
SULATAN KUDARAT,Maguindanao del Norte,0.0,7.23,124.25
SULTAN MASTURA,Maguindanao del Norte,0.0,7.78,123.75
TALITAY,Maguindanao del Norte,0.0,8.97,125.42
UPI,Maguindanao del Norte,2.0,8.97,125.42
AMPATUAN,Maguindanao del Sur,0.0,8.97,125.42
BULUAN,Maguindanao del Sur,1.0,8.97,125.42
DATU ABDULLAH SANGKI,Maguindanao del Sur,0.0,6.75,124.49
DATU ANGGAL MIDTIMBANG,Maguindanao del Sur,0.0,6.75,124.49
DATU HOFFER AMPATUAN,Maguindanao del Sur,0.0,6.75,124.49
DATU PAGLAS,Maguindanao del Sur,0.0,6.75,124.49
DATU PIANG,Maguindanao del Sur,0.0,6.75,124.49
DATU SALIBO,Maguindanao del Sur,0.0,6.75,124.49
DATU SAUDI AMPATUAN,Maguindanao del Sur,0.0,6.75,124.49
DATU UNSAY,Maguindanao del Sur,0.0,6.75,124.49
GEN. S. K. PENDATUN,Maguindanao del Sur,0.0,6.8,124.7
GUINDULNGAN,Maguindanao del Sur,0.0,8.97,125.42
MAMASAPANO,Maguindanao del Sur,0.0,8.97,125.42
MANGUDADATU,Maguindanao del Sur,0.0,8.97,125.42
PAGAGAWAN,Maguindanao del Sur,0.0,8.97,125.42
PAGALUNGAN,Maguindanao del Sur,0.0,8.97,125.42
PAGLAT,Maguindanao del Sur,0.0,8.97,125.42
PANDAG,Maguindanao del Sur,0.0,8.97,125.42
RAJAH BUAYAN,Maguindanao del Sur,0.0,6.91,124.55
SHARIFF AGUAK,Maguindanao del Sur,0.0,6.86,124.44
SHARIFF SAYDONA MUSTAPHA,Maguindanao del Sur,0.0,6.86,124.44
SOUTH UPI,Maguindanao del Sur,0.0,6.85,124.14
SULTAN SA BARONGIS ,Maguindanao del Sur,0.0,7.78,123.75
TALAYAN,Maguindanao del Sur,0.0,8.97,125.42
HADJI PANGLIMA TAHIL (MARUNGGAS),Sulu,0.0,6.62,122.3
INDANAN,Sulu,0.0,17.6,120.62
JOLO,Sulu,5.0,6.0,121.0
K. CALUANG,Sulu,0.0,5.88,121.27
LUGUS,Sulu,0.0,17.6,120.62
LUUK,Sulu,0.0,17.6,120.62
MAIMBUNG,Sulu,0.0,17.6,120.62
OLD PANAMAO,Sulu,0.0,5.98,121.25
OMAR,Sulu,0.0,17.6,120.62
PANDAMI,Sulu,0.0,17.6,120.62
PANGLIMA ESTINO (NEW PANAMAO),Sulu,0.0,6.17,120.92
PANGUTARAN,Sulu,0.0,17.6,120.62
PATA,Sulu,0.0,17.6,120.62
PATIKUL,Sulu,0.0,17.6,120.62
SIASI,Sulu,0.0,17.6,120.62
TALIPAO,Sulu,0.0,17.6,120.62
TAPUL,Sulu,0.0,17.6,120.62
TONGKIL,Sulu,0.0,17.6,120.62
BONGAO,Tawi-Tawi,3.0,17.6,120.62
CAGAYAN DE TAWI-TAWI (MAPU N),Tawi-Tawi,0.0,7.02,118.47
LANGUYAN,Tawi-Tawi,0.0,17.6,120.62
PANGLIMA SUGALA (BALIMBING) (CAPITAL),Tawi-Tawi,0.0,6.17,120.92
SAPA-SAPA,Tawi-Tawi,0.0,17.6,120.62
SIBUTU,Tawi-Tawi,0.0,17.6,120.62
SIMUNUL,Tawi-Tawi,0.0,17.6,120.62
SITANGKAI,Tawi-Tawi,0.0,17.6,120.62
SOUTH UBIAN,Tawi-Tawi,0.0,6.85,124.14
TANDUBAS,Tawi-Tawi,0.0,17.6,120.62
TURTLE ISLANDS,Tawi-Tawi,0.0,6.08,118.32
